,Shirts,Sides,Meats,Desserts,Drinks,Grilled Cheese,Noodles
0,323.8500000000001,20013.43,56967.73,7285.400000000001,23312.19999999988,132422.7,1412526.78
